role,email,password,name
admin,admin@ezitech.com,Admin@123,Admin
mentor,mentor1@ezitech.com,ayeshakhan1,Ayesha Khan
mentor,mentor2@ezitech.com,zainabsheikh2,Zainab Sheikh
mentor,mentor3@ezitech.com,rabiaahmed3,Rabia Ahmed
mentor,mentor4@ezitech.com,sarakhan4,Sara Khan
mentor,mentor5@ezitech.com,zainabhussain5,Zainab Hussain
mentor,mentor6@ezitech.com,rabiasheikh6,Rabia Sheikh
mentor,mentor7@ezitech.com,zainabiqbal7,Zainab Iqbal
mentor,mentor8@ezitech.com,alimalik8,Ali Malik
mentor,mentor9@ezitech.com,omarbutt9,Omar Butt
mentor,mentor10@ezitech.com,omarahmed10,Omar Ahmed
mentor,mentor11@ezitech.com,ayesharaza11,Ayesha Raza
mentor,mentor12@ezitech.com,saraiqbal12,Sara Iqbal
mentor,mentor13@ezitech.com,talhaahmed13,Talha Ahmed
mentor,mentor14@ezitech.com,mariamraza14,Mariam Raza
mentor,mentor15@ezitech.com,ahmedkhan15,Ahmed Khan
mentor,mentor16@ezitech.com,hiraahmed16,Hira Ahmed
mentor,mentor17@ezitech.com,talhabutt17,Talha Butt
mentor,mentor18@ezitech.com,fatimaraza18,Fatima Raza
mentor,mentor19@ezitech.com,usmanahmed19,Usman Ahmed
mentor,mentor20@ezitech.com,rabiasheikh20,Rabia Sheikh
mentor,mentor21@ezitech.com,talhabutt21,Talha Butt
mentor,mentor22@ezitech.com,omarkhan22,Omar Khan
mentor,mentor23@ezitech.com,omarqureshi23,Omar Qureshi
mentor,mentor24@ezitech.com,hamzachaudhry24,Hamza Chaudhry
mentor,mentor25@ezitech.com,hamzaiqbal25,Hamza Iqbal
mentor,mentor26@ezitech.com,bilalbutt26,Bilal Butt
mentor,mentor27@ezitech.com,rabiahussain27,Rabia Hussain
mentor,mentor28@ezitech.com,zeeshanqureshi28,Zeeshan Qureshi
mentor,mentor29@ezitech.com,bilalhussain29,Bilal Hussain
mentor,mentor30@ezitech.com,saraahmed30,Sara Ahmed
student,intern1@ezitech.com,mariamahmed1,Mariam Ahmed
student,intern2@ezitech.com,hamzaqureshi2,Hamza Qureshi
student,intern3@ezitech.com,hirahussain3,Hira Hussain
student,intern4@ezitech.com,omarqureshi4,Omar Qureshi
student,intern5@ezitech.com,zeeshankhan5,Zeeshan Khan
student,intern6@ezitech.com,alichaudhry6,Ali Chaudhry
student,intern7@ezitech.com,ayesharaza7,Ayesha Raza
student,intern8@ezitech.com,fatimamalik8,Fatima Malik
student,intern9@ezitech.com,faizankhan9,Faizan Khan
student,intern10@ezitech.com,talhahussain10,Talha Hussain
student,intern11@ezitech.com,amnasheikh11,Amna Sheikh
student,intern12@ezitech.com,rabiaraza12,Rabia Raza
student,intern13@ezitech.com,talhakhan13,Talha Khan
student,intern14@ezitech.com,omarmalik14,Omar Malik
student,intern15@ezitech.com,ayeshakhan15,Ayesha Khan
student,intern16@ezitech.com,ahmedhussain16,Ahmed Hussain
student,intern17@ezitech.com,rabiachaudhry17,Rabia Chaudhry
student,intern18@ezitech.com,ayeshamalik18,Ayesha Malik
student,intern19@ezitech.com,zeeshanmalik19,Zeeshan Malik
student,intern20@ezitech.com,rabiakhan20,Rabia Khan
student,intern21@ezitech.com,usmanmalik21,Usman Malik
student,intern22@ezitech.com,hamzachaudhry22,Hamza Chaudhry
student,intern23@ezitech.com,usmanraza23,Usman Raza
student,intern24@ezitech.com,alimalik24,Ali Malik
student,intern25@ezitech.com,zeeshanmalik25,Zeeshan Malik
student,intern26@ezitech.com,hamzahussain26,Hamza Hussain
student,intern27@ezitech.com,bilalqureshi27,Bilal Qureshi
student,intern28@ezitech.com,usmanraza28,Usman Raza
student,intern29@ezitech.com,fatimaiqbal29,Fatima Iqbal
student,intern30@ezitech.com,bilalraza30,Bilal Raza
student,intern31@ezitech.com,rabiaiqbal31,Rabia Iqbal
student,intern32@ezitech.com,fatimamalik32,Fatima Malik
student,intern33@ezitech.com,zeeshanhussain33,Zeeshan Hussain
student,intern34@ezitech.com,omarbutt34,Omar Butt
student,intern35@ezitech.com,hamzasheikh35,Hamza Sheikh
student,intern36@ezitech.com,usmanchaudhry36,Usman Chaudhry
student,intern37@ezitech.com,ayesharaza37,Ayesha Raza
student,intern38@ezitech.com,mahnoorhussain38,Mahnoor Hussain
student,intern39@ezitech.com,ayeshaqureshi39,Ayesha Qureshi
student,intern40@ezitech.com,rabiaqureshi40,Rabia Qureshi
student,intern41@ezitech.com,usmaniqbal41,Usman Iqbal
student,intern42@ezitech.com,talhasheikh42,Talha Sheikh
student,intern43@ezitech.com,bilalkhan43,Bilal Khan
student,intern44@ezitech.com,ahmedbutt44,Ahmed Butt
student,intern45@ezitech.com,ayeshakhan45,Ayesha Khan
student,intern46@ezitech.com,usmankhan46,Usman Khan
student,intern47@ezitech.com,ayeshahussain47,Ayesha Hussain
student,intern48@ezitech.com,talhaahmed48,Talha Ahmed
student,intern49@ezitech.com,sarahussain49,Sara Hussain
student,intern50@ezitech.com,saraahmed50,Sara Ahmed
student,intern51@ezitech.com,hamzahussain51,Hamza Hussain
student,intern52@ezitech.com,usmansheikh52,Usman Sheikh
student,intern53@ezitech.com,fatimahussain53,Fatima Hussain
student,intern54@ezitech.com,sarabutt54,Sara Butt
student,intern55@ezitech.com,kashifsheikh55,Kashif Sheikh
student,intern56@ezitech.com,ahmedqureshi56,Ahmed Qureshi
student,intern57@ezitech.com,usmankhan57,Usman Khan
student,intern58@ezitech.com,zainabahmed58,Zainab Ahmed
student,intern59@ezitech.com,talhamalik59,Talha Malik
student,intern60@ezitech.com,bilalraza60,Bilal Raza
student,intern61@ezitech.com,alichaudhry61,Ali Chaudhry
student,intern62@ezitech.com,mahnoorsheikh62,Mahnoor Sheikh
student,intern63@ezitech.com,faizankhan63,Faizan Khan
student,intern64@ezitech.com,zainabhussain64,Zainab Hussain
student,intern65@ezitech.com,ahmedraza65,Ahmed Raza
student,intern66@ezitech.com,hamzabutt66,Hamza Butt
student,intern67@ezitech.com,talhakhan67,Talha Khan
student,intern68@ezitech.com,hamzasheikh68,Hamza Sheikh
student,intern69@ezitech.com,usmanchaudhry69,Usman Chaudhry
student,intern70@ezitech.com,usmanmalik70,Usman Malik
student,intern71@ezitech.com,kashifraza71,Kashif Raza
student,intern72@ezitech.com,sanachaudhry72,Sana Chaudhry
student,intern73@ezitech.com,omarqureshi73,Omar Qureshi
student,intern74@ezitech.com,talharaza74,Talha Raza
student,intern75@ezitech.com,fatimasheikh75,Fatima Sheikh
student,intern76@ezitech.com,zeeshanchaudhry76,Zeeshan Chaudhry
student,intern77@ezitech.com,aliraza77,Ali Raza
student,intern78@ezitech.com,kashifhussain78,Kashif Hussain
student,intern79@ezitech.com,mariamahmed79,Mariam Ahmed
student,intern80@ezitech.com,alimalik80,Ali Malik
student,intern81@ezitech.com,ahmedhussain81,Ahmed Hussain
student,intern82@ezitech.com,amnaraza82,Amna Raza
student,intern83@ezitech.com,bilalbutt83,Bilal Butt
student,intern84@ezitech.com,kashifahmed84,Kashif Ahmed
student,intern85@ezitech.com,amnaqureshi85,Amna Qureshi
student,intern86@ezitech.com,sararaza86,Sara Raza
student,intern87@ezitech.com,kashifahmed87,Kashif Ahmed
student,intern88@ezitech.com,usmansheikh88,Usman Sheikh
student,intern89@ezitech.com,hiraraza89,Hira Raza
student,intern90@ezitech.com,zeeshaniqbal90,Zeeshan Iqbal
student,intern91@ezitech.com,ahmedraza91,Ahmed Raza
student,intern92@ezitech.com,amnachaudhry92,Amna Chaudhry
student,intern93@ezitech.com,talhabutt93,Talha Butt
student,intern94@ezitech.com,kashifahmed94,Kashif Ahmed
student,intern95@ezitech.com,hamzasheikh95,Hamza Sheikh
student,intern96@ezitech.com,hirachaudhry96,Hira Chaudhry
student,intern97@ezitech.com,faizanmalik97,Faizan Malik
student,intern98@ezitech.com,zeeshanhussain98,Zeeshan Hussain
student,intern99@ezitech.com,hirasheikh99,Hira Sheikh
student,intern100@ezitech.com,sarachaudhry100,Sara Chaudhry
student,intern101@ezitech.com,rabiabutt101,Rabia Butt
student,intern102@ezitech.com,ayeshaiqbal102,Ayesha Iqbal
student,intern103@ezitech.com,sanahussain103,Sana Hussain
student,intern104@ezitech.com,amnasheikh104,Amna Sheikh
student,intern105@ezitech.com,bilalbutt105,Bilal Butt
student,intern106@ezitech.com,usmanmalik106,Usman Malik
student,intern107@ezitech.com,amnamalik107,Amna Malik
student,intern108@ezitech.com,mariamhussain108,Mariam Hussain
student,intern109@ezitech.com,hiraraza109,Hira Raza
student,intern110@ezitech.com,sanahussain110,Sana Hussain
student,intern111@ezitech.com,zeeshanhussain111,Zeeshan Hussain
student,intern112@ezitech.com,rabiachaudhry112,Rabia Chaudhry
student,intern113@ezitech.com,talharaza113,Talha Raza
student,intern114@ezitech.com,fatimahussain114,Fatima Hussain
student,intern115@ezitech.com,ahmedsheikh115,Ahmed Sheikh
student,intern116@ezitech.com,hamzahussain116,Hamza Hussain
student,intern117@ezitech.com,sanaiqbal117,Sana Iqbal
student,intern118@ezitech.com,hamzabutt118,Hamza Butt
student,intern119@ezitech.com,ahmediqbal119,Ahmed Iqbal
student,intern120@ezitech.com,ahmedmalik120,Ahmed Malik
student,intern121@ezitech.com,zeeshanhussain121,Zeeshan Hussain
student,intern122@ezitech.com,sarakhan122,Sara Khan
student,intern123@ezitech.com,omarhussain123,Omar Hussain
student,intern124@ezitech.com,fatimaiqbal124,Fatima Iqbal
student,intern125@ezitech.com,omarkhan125,Omar Khan
student,intern126@ezitech.com,ayeshachaudhry126,Ayesha Chaudhry
student,intern127@ezitech.com,kashifraza127,Kashif Raza
student,intern128@ezitech.com,talhaahmed128,Talha Ahmed
student,intern129@ezitech.com,omarahmed129,Omar Ahmed
student,intern130@ezitech.com,fatimaqureshi130,Fatima Qureshi
student,intern131@ezitech.com,amnakhan131,Amna Khan
student,intern132@ezitech.com,zeeshankhan132,Zeeshan Khan
student,intern133@ezitech.com,hamzakhan133,Hamza Khan
student,intern134@ezitech.com,ayeshakhan134,Ayesha Khan
student,intern135@ezitech.com,sanaahmed135,Sana Ahmed
student,intern136@ezitech.com,sanahussain136,Sana Hussain
student,intern137@ezitech.com,rabiahussain137,Rabia Hussain
student,intern138@ezitech.com,hiraahmed138,Hira Ahmed
student,intern139@ezitech.com,kashifahmed139,Kashif Ahmed
student,intern140@ezitech.com,usmanchaudhry140,Usman Chaudhry
student,intern141@ezitech.com,hamzachaudhry141,Hamza Chaudhry
student,intern142@ezitech.com,bilalhussain142,Bilal Hussain
student,intern143@ezitech.com,talhakhan143,Talha Khan
student,intern144@ezitech.com,amnabutt144,Amna Butt
student,intern145@ezitech.com,zainabchaudhry145,Zainab Chaudhry
student,intern146@ezitech.com,sanaahmed146,Sana Ahmed
student,intern147@ezitech.com,ahmedbutt147,Ahmed Butt
student,intern148@ezitech.com,rabiabutt148,Rabia Butt
student,intern149@ezitech.com,faizankhan149,Faizan Khan
student,intern150@ezitech.com,ahmedkhan150,Ahmed Khan
student,intern151@ezitech.com,zeeshansheikh151,Zeeshan Sheikh
student,intern152@ezitech.com,faizankhan152,Faizan Khan
student,intern153@ezitech.com,bilalraza153,Bilal Raza
student,intern154@ezitech.com,talhasheikh154,Talha Sheikh
student,intern155@ezitech.com,amnaahmed155,Amna Ahmed
student,intern156@ezitech.com,fatimaraza156,Fatima Raza
student,intern157@ezitech.com,faizaniqbal157,Faizan Iqbal
student,intern158@ezitech.com,ahmedbutt158,Ahmed Butt
student,intern159@ezitech.com,ayeshaqureshi159,Ayesha Qureshi
student,intern160@ezitech.com,ahmedhussain160,Ahmed Hussain
student,intern161@ezitech.com,mahnoorchaudhry161,Mahnoor Chaudhry
student,intern162@ezitech.com,amnamalik162,Amna Malik
student,intern163@ezitech.com,hamzaqureshi163,Hamza Qureshi
student,intern164@ezitech.com,amnaahmed164,Amna Ahmed
student,intern165@ezitech.com,omarhussain165,Omar Hussain
student,intern166@ezitech.com,zainabqureshi166,Zainab Qureshi
student,intern167@ezitech.com,saraiqbal167,Sara Iqbal
student,intern168@ezitech.com,kashifahmed168,Kashif Ahmed
student,intern169@ezitech.com,sanakhan169,Sana Khan
student,intern170@ezitech.com,mariamraza170,Mariam Raza
student,intern171@ezitech.com,zainabqureshi171,Zainab Qureshi
student,intern172@ezitech.com,alisheikh172,Ali Sheikh
student,intern173@ezitech.com,sanaahmed173,Sana Ahmed
student,intern174@ezitech.com,mahnooriqbal174,Mahnoor Iqbal
student,intern175@ezitech.com,sanaahmed175,Sana Ahmed
student,intern176@ezitech.com,kashifraza176,Kashif Raza
student,intern177@ezitech.com,mahnoorahmed177,Mahnoor Ahmed
student,intern178@ezitech.com,mariamhussain178,Mariam Hussain
student,intern179@ezitech.com,aliqureshi179,Ali Qureshi
student,intern180@ezitech.com,mahnoormalik180,Mahnoor Malik
student,intern181@ezitech.com,sanasheikh181,Sana Sheikh
student,intern182@ezitech.com,faizansheikh182,Faizan Sheikh
student,intern183@ezitech.com,hamzabutt183,Hamza Butt
student,intern184@ezitech.com,hirabutt184,Hira Butt
student,intern185@ezitech.com,sarakhan185,Sara Khan
student,intern186@ezitech.com,hamzamalik186,Hamza Malik
student,intern187@ezitech.com,faizanraza187,Faizan Raza
student,intern188@ezitech.com,bilalkhan188,Bilal Khan
student,intern189@ezitech.com,hirachaudhry189,Hira Chaudhry
student,intern190@ezitech.com,usmanbutt190,Usman Butt
student,intern191@ezitech.com,rabiamalik191,Rabia Malik
student,intern192@ezitech.com,bilalqureshi192,Bilal Qureshi
student,intern193@ezitech.com,alikhan193,Ali Khan
student,intern194@ezitech.com,mariamchaudhry194,Mariam Chaudhry
student,intern195@ezitech.com,amnaqureshi195,Amna Qureshi
student,intern196@ezitech.com,hamzaiqbal196,Hamza Iqbal
student,intern197@ezitech.com,fatimaiqbal197,Fatima Iqbal
student,intern198@ezitech.com,sanaahmed198,Sana Ahmed
student,intern199@ezitech.com,ahmediqbal199,Ahmed Iqbal
student,intern200@ezitech.com,talhakhan200,Talha Khan
student,intern201@ezitech.com,fatimabutt201,Fatima Butt
student,intern202@ezitech.com,bilalkhan202,Bilal Khan
student,intern203@ezitech.com,mariamkhan203,Mariam Khan
student,intern204@ezitech.com,talhahussain204,Talha Hussain
student,intern205@ezitech.com,talhamalik205,Talha Malik
student,intern206@ezitech.com,sanasheikh206,Sana Sheikh
student,intern207@ezitech.com,amnaiqbal207,Amna Iqbal
student,intern208@ezitech.com,usmaniqbal208,Usman Iqbal
student,intern209@ezitech.com,bilalahmed209,Bilal Ahmed
student,intern210@ezitech.com,rabiachaudhry210,Rabia Chaudhry
student,intern211@ezitech.com,sarakhan211,Sara Khan
student,intern212@ezitech.com,sarahussain212,Sara Hussain
student,intern213@ezitech.com,mariamhussain213,Mariam Hussain
student,intern214@ezitech.com,rabiaraza214,Rabia Raza
student,intern215@ezitech.com,usmanchaudhry215,Usman Chaudhry
student,intern216@ezitech.com,omarhussain216,Omar Hussain
student,intern217@ezitech.com,usmanqureshi217,Usman Qureshi
student,intern218@ezitech.com,saraiqbal218,Sara Iqbal
student,intern219@ezitech.com,mariamchaudhry219,Mariam Chaudhry
student,intern220@ezitech.com,hiraiqbal220,Hira Iqbal
student,intern221@ezitech.com,hamzachaudhry221,Hamza Chaudhry
student,intern222@ezitech.com,usmanqureshi222,Usman Qureshi
student,intern223@ezitech.com,rabiaraza223,Rabia Raza
student,intern224@ezitech.com,rabiachaudhry224,Rabia Chaudhry
student,intern225@ezitech.com,zeeshanchaudhry225,Zeeshan Chaudhry
student,intern226@ezitech.com,bilalbutt226,Bilal Butt
student,intern227@ezitech.com,mariamkhan227,Mariam Khan
student,intern228@ezitech.com,mariamkhan228,Mariam Khan
student,intern229@ezitech.com,kashifqureshi229,Kashif Qureshi
student,intern230@ezitech.com,aliahmed230,Ali Ahmed
student,intern231@ezitech.com,ahmedbutt231,Ahmed Butt
student,intern232@ezitech.com,rabiahussain232,Rabia Hussain
student,intern233@ezitech.com,hamzamalik233,Hamza Malik
student,intern234@ezitech.com,talhaqureshi234,Talha Qureshi
student,intern235@ezitech.com,zeeshansheikh235,Zeeshan Sheikh
student,intern236@ezitech.com,alisheikh236,Ali Sheikh
student,intern237@ezitech.com,aliqureshi237,Ali Qureshi
student,intern238@ezitech.com,mahnoorqureshi238,Mahnoor Qureshi
student,intern239@ezitech.com,saramalik239,Sara Malik
student,intern240@ezitech.com,hamzaiqbal240,Hamza Iqbal
student,intern241@ezitech.com,rabiasheikh241,Rabia Sheikh
student,intern242@ezitech.com,bilalsheikh242,Bilal Sheikh
student,intern243@ezitech.com,sarachaudhry243,Sara Chaudhry
student,intern244@ezitech.com,talhabutt244,Talha Butt
student,intern245@ezitech.com,sanahussain245,Sana Hussain
student,intern246@ezitech.com,alikhan246,Ali Khan
student,intern247@ezitech.com,bilaliqbal247,Bilal Iqbal
student,intern248@ezitech.com,zeeshanchaudhry248,Zeeshan Chaudhry
student,intern249@ezitech.com,zainabbutt249,Zainab Butt
student,intern250@ezitech.com,sarasheikh250,Sara Sheikh
student,intern251@ezitech.com,rabiaqureshi251,Rabia Qureshi
student,intern252@ezitech.com,mariamqureshi252,Mariam Qureshi
student,intern253@ezitech.com,ayeshamalik253,Ayesha Malik
student,intern254@ezitech.com,sarahussain254,Sara Hussain
student,intern255@ezitech.com,alisheikh255,Ali Sheikh
student,intern256@ezitech.com,omarahmed256,Omar Ahmed
student,intern257@ezitech.com,zainabahmed257,Zainab Ahmed
student,intern258@ezitech.com,sanaraza258,Sana Raza
student,intern259@ezitech.com,rabiakhan259,Rabia Khan
student,intern260@ezitech.com,mahnoorraza260,Mahnoor Raza
student,intern261@ezitech.com,talharaza261,Talha Raza
student,intern262@ezitech.com,zeeshanmalik262,Zeeshan Malik
student,intern263@ezitech.com,fatimamalik263,Fatima Malik
student,intern264@ezitech.com,faizankhan264,Faizan Khan
student,intern265@ezitech.com,zainabsheikh265,Zainab Sheikh
student,intern266@ezitech.com,fatimaahmed266,Fatima Ahmed
student,intern267@ezitech.com,hirabutt267,Hira Butt
student,intern268@ezitech.com,zeeshaniqbal268,Zeeshan Iqbal
student,intern269@ezitech.com,mahnoorraza269,Mahnoor Raza
student,intern270@ezitech.com,zainabmalik270,Zainab Malik
student,intern271@ezitech.com,ahmedchaudhry271,Ahmed Chaudhry
student,intern272@ezitech.com,faizanraza272,Faizan Raza
student,intern273@ezitech.com,talhakhan273,Talha Khan
student,intern274@ezitech.com,omarbutt274,Omar Butt
student,intern275@ezitech.com,kashifqureshi275,Kashif Qureshi
student,intern276@ezitech.com,ahmedhussain276,Ahmed Hussain
student,intern277@ezitech.com,omariqbal277,Omar Iqbal
student,intern278@ezitech.com,omarmalik278,Omar Malik
student,intern279@ezitech.com,mariambutt279,Mariam Butt
student,intern280@ezitech.com,usmanraza280,Usman Raza
student,intern281@ezitech.com,fatimaqureshi281,Fatima Qureshi
student,intern282@ezitech.com,aliqureshi282,Ali Qureshi
student,intern283@ezitech.com,omarkhan283,Omar Khan
student,intern284@ezitech.com,saraqureshi284,Sara Qureshi
student,intern285@ezitech.com,bilalhussain285,Bilal Hussain
student,intern286@ezitech.com,omarkhan286,Omar Khan
student,intern287@ezitech.com,mahnoorqureshi287,Mahnoor Qureshi
student,intern288@ezitech.com,usmanmalik288,Usman Malik
student,intern289@ezitech.com,hirasheikh289,Hira Sheikh
student,intern290@ezitech.com,zeeshankhan290,Zeeshan Khan
student,intern291@ezitech.com,talhakhan291,Talha Khan
student,intern292@ezitech.com,usmankhan292,Usman Khan
student,intern293@ezitech.com,usmanahmed293,Usman Ahmed
student,intern294@ezitech.com,bilalraza294,Bilal Raza
student,intern295@ezitech.com,rabiaraza295,Rabia Raza
student,intern296@ezitech.com,faizanchaudhry296,Faizan Chaudhry
student,intern297@ezitech.com,amnamalik297,Amna Malik
student,intern298@ezitech.com,alisheikh298,Ali Sheikh
student,intern299@ezitech.com,mahnoorahmed299,Mahnoor Ahmed
student,intern300@ezitech.com,mariammalik300,Mariam Malik
student,intern301@ezitech.com,fatimabutt301,Fatima Butt
student,intern302@ezitech.com,sanabutt302,Sana Butt
student,intern303@ezitech.com,bilalraza303,Bilal Raza
student,intern304@ezitech.com,rabiachaudhry304,Rabia Chaudhry
student,intern305@ezitech.com,talhasheikh305,Talha Sheikh
student,intern306@ezitech.com,zeeshaniqbal306,Zeeshan Iqbal
student,intern307@ezitech.com,usmanchaudhry307,Usman Chaudhry
student,intern308@ezitech.com,omarahmed308,Omar Ahmed
student,intern309@ezitech.com,mahnoorahmed309,Mahnoor Ahmed
student,intern310@ezitech.com,hirahussain310,Hira Hussain
student,intern311@ezitech.com,ahmedqureshi311,Ahmed Qureshi
student,intern312@ezitech.com,omariqbal312,Omar Iqbal
student,intern313@ezitech.com,ahmedraza313,Ahmed Raza
student,intern314@ezitech.com,zeeshanbutt314,Zeeshan Butt
student,intern315@ezitech.com,ayeshachaudhry315,Ayesha Chaudhry
student,intern316@ezitech.com,ayeshachaudhry316,Ayesha Chaudhry
student,intern317@ezitech.com,omariqbal317,Omar Iqbal
student,intern318@ezitech.com,ahmedsheikh318,Ahmed Sheikh
student,intern319@ezitech.com,zeeshanbutt319,Zeeshan Butt
student,intern320@ezitech.com,zainabsheikh320,Zainab Sheikh
student,intern321@ezitech.com,bilalchaudhry321,Bilal Chaudhry
student,intern322@ezitech.com,rabiabutt322,Rabia Butt
student,intern323@ezitech.com,amnaahmed323,Amna Ahmed
student,intern324@ezitech.com,ahmedqureshi324,Ahmed Qureshi
student,intern325@ezitech.com,rabiakhan325,Rabia Khan
student,intern326@ezitech.com,mariamiqbal326,Mariam Iqbal
student,intern327@ezitech.com,sanaahmed327,Sana Ahmed
student,intern328@ezitech.com,amnachaudhry328,Amna Chaudhry
student,intern329@ezitech.com,talhabutt329,Talha Butt
student,intern330@ezitech.com,omarhussain330,Omar Hussain
student,intern331@ezitech.com,hiramalik331,Hira Malik
student,intern332@ezitech.com,mahnoormalik332,Mahnoor Malik
student,intern333@ezitech.com,mariamahmed333,Mariam Ahmed
student,intern334@ezitech.com,amnaahmed334,Amna Ahmed
student,intern335@ezitech.com,sanaiqbal335,Sana Iqbal
student,intern336@ezitech.com,hiraqureshi336,Hira Qureshi
student,intern337@ezitech.com,rabiaqureshi337,Rabia Qureshi
student,intern338@ezitech.com,omarkhan338,Omar Khan
student,intern339@ezitech.com,rabiabutt339,Rabia Butt
student,intern340@ezitech.com,alimalik340,Ali Malik
student,intern341@ezitech.com,talhaiqbal341,Talha Iqbal
student,intern342@ezitech.com,talhaahmed342,Talha Ahmed
student,intern343@ezitech.com,ahmediqbal343,Ahmed Iqbal
student,intern344@ezitech.com,kashifsheikh344,Kashif Sheikh
student,intern345@ezitech.com,ayeshakhan345,Ayesha Khan
student,intern346@ezitech.com,fatimahussain346,Fatima Hussain
student,intern347@ezitech.com,kashifahmed347,Kashif Ahmed
student,intern348@ezitech.com,sanasheikh348,Sana Sheikh
student,intern349@ezitech.com,fatimaahmed349,Fatima Ahmed
student,intern350@ezitech.com,hamzakhan350,Hamza Khan
student,intern351@ezitech.com,hirachaudhry351,Hira Chaudhry
student,intern352@ezitech.com,hamzakhan352,Hamza Khan
student,intern353@ezitech.com,amnasheikh353,Amna Sheikh
student,intern354@ezitech.com,faizankhan354,Faizan Khan
student,intern355@ezitech.com,talhachaudhry355,Talha Chaudhry
student,intern356@ezitech.com,sanabutt356,Sana Butt
student,intern357@ezitech.com,alisheikh357,Ali Sheikh
student,intern358@ezitech.com,amnachaudhry358,Amna Chaudhry
student,intern359@ezitech.com,usmanchaudhry359,Usman Chaudhry
student,intern360@ezitech.com,zeeshansheikh360,Zeeshan Sheikh
student,intern361@ezitech.com,rabiaraza361,Rabia Raza
student,intern362@ezitech.com,rabiaiqbal362,Rabia Iqbal
student,intern363@ezitech.com,faizanahmed363,Faizan Ahmed
student,intern364@ezitech.com,zainabchaudhry364,Zainab Chaudhry
student,intern365@ezitech.com,kashifahmed365,Kashif Ahmed
student,intern366@ezitech.com,sanaraza366,Sana Raza
student,intern367@ezitech.com,kashifqureshi367,Kashif Qureshi
student,intern368@ezitech.com,mariamchaudhry368,Mariam Chaudhry
student,intern369@ezitech.com,aliraza369,Ali Raza
student,intern370@ezitech.com,hamzaraza370,Hamza Raza
student,intern371@ezitech.com,hamzamalik371,Hamza Malik
student,intern372@ezitech.com,faizanbutt372,Faizan Butt
student,intern373@ezitech.com,zainabbutt373,Zainab Butt
student,intern374@ezitech.com,bilalkhan374,Bilal Khan
student,intern375@ezitech.com,fatimaqureshi375,Fatima Qureshi
student,intern376@ezitech.com,ahmedsheikh376,Ahmed Sheikh
student,intern377@ezitech.com,ahmedsheikh377,Ahmed Sheikh
student,intern378@ezitech.com,ayesharaza378,Ayesha Raza
student,intern379@ezitech.com,sanachaudhry379,Sana Chaudhry
student,intern380@ezitech.com,ahmedsheikh380,Ahmed Sheikh
student,intern381@ezitech.com,aliraza381,Ali Raza
student,intern382@ezitech.com,fatimaqureshi382,Fatima Qureshi
student,intern383@ezitech.com,zainabsheikh383,Zainab Sheikh
student,intern384@ezitech.com,kashifmalik384,Kashif Malik
student,intern385@ezitech.com,kashifbutt385,Kashif Butt
student,intern386@ezitech.com,kashifiqbal386,Kashif Iqbal
student,intern387@ezitech.com,zainabahmed387,Zainab Ahmed
student,intern388@ezitech.com,zeeshanhussain388,Zeeshan Hussain
student,intern389@ezitech.com,mahnoorchaudhry389,Mahnoor Chaudhry
student,intern390@ezitech.com,faizanbutt390,Faizan Butt
student,intern391@ezitech.com,ayeshasheikh391,Ayesha Sheikh
student,intern392@ezitech.com,mariamahmed392,Mariam Ahmed
student,intern393@ezitech.com,usmanahmed393,Usman Ahmed
student,intern394@ezitech.com,fatimachaudhry394,Fatima Chaudhry
student,intern395@ezitech.com,ahmedsheikh395,Ahmed Sheikh
student,intern396@ezitech.com,kashifiqbal396,Kashif Iqbal
student,intern397@ezitech.com,zainabmalik397,Zainab Malik
student,intern398@ezitech.com,zeeshanbutt398,Zeeshan Butt
student,intern399@ezitech.com,zeeshanchaudhry399,Zeeshan Chaudhry
student,intern400@ezitech.com,alimalik400,Ali Malik
student,intern401@ezitech.com,omarkhan401,Omar Khan
student,intern402@ezitech.com,omariqbal402,Omar Iqbal
student,intern403@ezitech.com,mahnoorahmed403,Mahnoor Ahmed
student,intern404@ezitech.com,saraiqbal404,Sara Iqbal
student,intern405@ezitech.com,alichaudhry405,Ali Chaudhry
student,intern406@ezitech.com,amnaraza406,Amna Raza
student,intern407@ezitech.com,mariamraza407,Mariam Raza
student,intern408@ezitech.com,hamzakhan408,Hamza Khan
student,intern409@ezitech.com,rabiamalik409,Rabia Malik
student,intern410@ezitech.com,rabiamalik410,Rabia Malik
student,intern411@ezitech.com,rabiaraza411,Rabia Raza
student,intern412@ezitech.com,alichaudhry412,Ali Chaudhry
student,intern413@ezitech.com,zeeshankhan413,Zeeshan Khan
student,intern414@ezitech.com,fatimaahmed414,Fatima Ahmed
student,intern415@ezitech.com,bilalbutt415,Bilal Butt
student,intern416@ezitech.com,saraahmed416,Sara Ahmed
student,intern417@ezitech.com,sanachaudhry417,Sana Chaudhry
student,intern418@ezitech.com,hiraiqbal418,Hira Iqbal
student,intern419@ezitech.com,hamzachaudhry419,Hamza Chaudhry
student,intern420@ezitech.com,ahmedqureshi420,Ahmed Qureshi
student,intern421@ezitech.com,sanaiqbal421,Sana Iqbal
student,intern422@ezitech.com,kashifiqbal422,Kashif Iqbal
student,intern423@ezitech.com,rabiabutt423,Rabia Butt
student,intern424@ezitech.com,rabiahussain424,Rabia Hussain
student,intern425@ezitech.com,hamzamalik425,Hamza Malik
student,intern426@ezitech.com,rabiaqureshi426,Rabia Qureshi
student,intern427@ezitech.com,talharaza427,Talha Raza
student,intern428@ezitech.com,rabiaraza428,Rabia Raza
student,intern429@ezitech.com,amnaqureshi429,Amna Qureshi
student,intern430@ezitech.com,talharaza430,Talha Raza
student,intern431@ezitech.com,bilalraza431,Bilal Raza
student,intern432@ezitech.com,omarchaudhry432,Omar Chaudhry
student,intern433@ezitech.com,sanaraza433,Sana Raza
student,intern434@ezitech.com,ahmedsheikh434,Ahmed Sheikh
student,intern435@ezitech.com,hamzachaudhry435,Hamza Chaudhry
student,intern436@ezitech.com,rabiabutt436,Rabia Butt
student,intern437@ezitech.com,usmanahmed437,Usman Ahmed
student,intern438@ezitech.com,ahmedchaudhry438,Ahmed Chaudhry
student,intern439@ezitech.com,saraiqbal439,Sara Iqbal
student,intern440@ezitech.com,ayeshasheikh440,Ayesha Sheikh
student,intern441@ezitech.com,fatimaraza441,Fatima Raza
student,intern442@ezitech.com,amnakhan442,Amna Khan
student,intern443@ezitech.com,hamzaiqbal443,Hamza Iqbal
student,intern444@ezitech.com,omarraza444,Omar Raza
student,intern445@ezitech.com,zainabraza445,Zainab Raza
student,intern446@ezitech.com,kashifahmed446,Kashif Ahmed
student,intern447@ezitech.com,kashifkhan447,Kashif Khan
student,intern448@ezitech.com,hiraiqbal448,Hira Iqbal
student,intern449@ezitech.com,mariamahmed449,Mariam Ahmed
student,intern450@ezitech.com,sanaraza450,Sana Raza
student,intern451@ezitech.com,rabiaiqbal451,Rabia Iqbal
student,intern452@ezitech.com,hamzaahmed452,Hamza Ahmed
student,intern453@ezitech.com,talhachaudhry453,Talha Chaudhry
student,intern454@ezitech.com,kashifkhan454,Kashif Khan
student,intern455@ezitech.com,omarbutt455,Omar Butt
student,intern456@ezitech.com,hiraahmed456,Hira Ahmed
student,intern457@ezitech.com,zeeshanmalik457,Zeeshan Malik
student,intern458@ezitech.com,bilalkhan458,Bilal Khan
student,intern459@ezitech.com,usmanbutt459,Usman Butt
student,intern460@ezitech.com,hamzahussain460,Hamza Hussain
student,intern461@ezitech.com,hirakhan461,Hira Khan
student,intern462@ezitech.com,kashifhussain462,Kashif Hussain
student,intern463@ezitech.com,rabiakhan463,Rabia Khan
student,intern464@ezitech.com,talhaqureshi464,Talha Qureshi
student,intern465@ezitech.com,mahnoorkhan465,Mahnoor Khan
student,intern466@ezitech.com,rabiachaudhry466,Rabia Chaudhry
student,intern467@ezitech.com,sanasheikh467,Sana Sheikh
student,intern468@ezitech.com,usmanahmed468,Usman Ahmed
student,intern469@ezitech.com,zeeshanqureshi469,Zeeshan Qureshi
student,intern470@ezitech.com,bilalkhan470,Bilal Khan
student,intern471@ezitech.com,talhahussain471,Talha Hussain
student,intern472@ezitech.com,faizanahmed472,Faizan Ahmed
student,intern473@ezitech.com,usmanahmed473,Usman Ahmed
student,intern474@ezitech.com,sarasheikh474,Sara Sheikh
student,intern475@ezitech.com,mariamsheikh475,Mariam Sheikh
student,intern476@ezitech.com,ahmedhussain476,Ahmed Hussain
student,intern477@ezitech.com,rabiaqureshi477,Rabia Qureshi
student,intern478@ezitech.com,ayeshamalik478,Ayesha Malik
student,intern479@ezitech.com,saraqureshi479,Sara Qureshi
student,intern480@ezitech.com,zeeshansheikh480,Zeeshan Sheikh
student,intern481@ezitech.com,mariambutt481,Mariam Butt
student,intern482@ezitech.com,mariamahmed482,Mariam Ahmed
student,intern483@ezitech.com,mahnoormalik483,Mahnoor Malik
student,intern484@ezitech.com,sanaahmed484,Sana Ahmed
student,intern485@ezitech.com,ayeshamalik485,Ayesha Malik
student,intern486@ezitech.com,hamzamalik486,Hamza Malik
student,intern487@ezitech.com,kashifraza487,Kashif Raza
student,intern488@ezitech.com,usmaniqbal488,Usman Iqbal
student,intern489@ezitech.com,sarachaudhry489,Sara Chaudhry
student,intern490@ezitech.com,rabiachaudhry490,Rabia Chaudhry
student,intern491@ezitech.com,zainabahmed491,Zainab Ahmed
student,intern492@ezitech.com,hamzaahmed492,Hamza Ahmed
student,intern493@ezitech.com,usmanqureshi493,Usman Qureshi
student,intern494@ezitech.com,faizansheikh494,Faizan Sheikh
student,intern495@ezitech.com,zeeshansheikh495,Zeeshan Sheikh
student,intern496@ezitech.com,ayeshamalik496,Ayesha Malik
student,intern497@ezitech.com,kashifmalik497,Kashif Malik
student,intern498@ezitech.com,fatimaraza498,Fatima Raza
student,intern499@ezitech.com,hamzakhan499,Hamza Khan
student,intern500@ezitech.com,rabiaahmed500,Rabia Ahmed
student,intern501@ezitech.com,mariamqureshi501,Mariam Qureshi
student,intern502@ezitech.com,ahmedqureshi502,Ahmed Qureshi
student,intern503@ezitech.com,mahnoorsheikh503,Mahnoor Sheikh
student,intern504@ezitech.com,zainabraza504,Zainab Raza
student,intern505@ezitech.com,amnachaudhry505,Amna Chaudhry
student,intern506@ezitech.com,talhamalik506,Talha Malik
student,intern507@ezitech.com,hiraraza507,Hira Raza
student,intern508@ezitech.com,sanachaudhry508,Sana Chaudhry
student,intern509@ezitech.com,hamzakhan509,Hamza Khan
student,intern510@ezitech.com,zeeshanahmed510,Zeeshan Ahmed
student,intern511@ezitech.com,amnaraza511,Amna Raza
student,intern512@ezitech.com,omariqbal512,Omar Iqbal
student,intern513@ezitech.com,rabiabutt513,Rabia Butt
student,intern514@ezitech.com,ahmedmalik514,Ahmed Malik
student,intern515@ezitech.com,mariamsheikh515,Mariam Sheikh
student,intern516@ezitech.com,rabiaiqbal516,Rabia Iqbal
student,intern517@ezitech.com,ayeshaqureshi517,Ayesha Qureshi
student,intern518@ezitech.com,mariamchaudhry518,Mariam Chaudhry
student,intern519@ezitech.com,hamzaahmed519,Hamza Ahmed
student,intern520@ezitech.com,hamzamalik520,Hamza Malik
student,intern521@ezitech.com,talhachaudhry521,Talha Chaudhry
student,intern522@ezitech.com,zeeshanhussain522,Zeeshan Hussain
student,intern523@ezitech.com,fatimaahmed523,Fatima Ahmed
student,intern524@ezitech.com,sanamalik524,Sana Malik
student,intern525@ezitech.com,sanaraza525,Sana Raza
student,intern526@ezitech.com,faizanmalik526,Faizan Malik
student,intern527@ezitech.com,sanaahmed527,Sana Ahmed
student,intern528@ezitech.com,zeeshanahmed528,Zeeshan Ahmed
student,intern529@ezitech.com,zeeshanahmed529,Zeeshan Ahmed
student,intern530@ezitech.com,fatimaiqbal530,Fatima Iqbal
student,intern531@ezitech.com,zainabraza531,Zainab Raza
student,intern532@ezitech.com,talhachaudhry532,Talha Chaudhry
student,intern533@ezitech.com,rabiachaudhry533,Rabia Chaudhry
student,intern534@ezitech.com,hamzaiqbal534,Hamza Iqbal
student,intern535@ezitech.com,kashifkhan535,Kashif Khan
student,intern536@ezitech.com,zainabbutt536,Zainab Butt
student,intern537@ezitech.com,talhaahmed537,Talha Ahmed
student,intern538@ezitech.com,usmanraza538,Usman Raza
student,intern539@ezitech.com,zainabhussain539,Zainab Hussain
student,intern540@ezitech.com,kashifraza540,Kashif Raza
student,intern541@ezitech.com,amnachaudhry541,Amna Chaudhry
student,intern542@ezitech.com,ahmediqbal542,Ahmed Iqbal
student,intern543@ezitech.com,amnabutt543,Amna Butt
student,intern544@ezitech.com,fatimakhan544,Fatima Khan
student,intern545@ezitech.com,omarqureshi545,Omar Qureshi
student,intern546@ezitech.com,mariamhussain546,Mariam Hussain
student,intern547@ezitech.com,faizanbutt547,Faizan Butt
student,intern548@ezitech.com,talhamalik548,Talha Malik
student,intern549@ezitech.com,zainabchaudhry549,Zainab Chaudhry
student,intern550@ezitech.com,ayeshamalik550,Ayesha Malik
student,intern551@ezitech.com,bilaliqbal551,Bilal Iqbal
student,intern552@ezitech.com,kashifchaudhry552,Kashif Chaudhry
student,intern553@ezitech.com,mariambutt553,Mariam Butt
student,intern554@ezitech.com,ayeshaqureshi554,Ayesha Qureshi
student,intern555@ezitech.com,ahmedkhan555,Ahmed Khan
student,intern556@ezitech.com,kashifahmed556,Kashif Ahmed
student,intern557@ezitech.com,zeeshanraza557,Zeeshan Raza
student,intern558@ezitech.com,bilalraza558,Bilal Raza
student,intern559@ezitech.com,sarahussain559,Sara Hussain
student,intern560@ezitech.com,zeeshankhan560,Zeeshan Khan
student,intern561@ezitech.com,rabiachaudhry561,Rabia Chaudhry
student,intern562@ezitech.com,ayeshachaudhry562,Ayesha Chaudhry
student,intern563@ezitech.com,bilalahmed563,Bilal Ahmed
student,intern564@ezitech.com,zainabmalik564,Zainab Malik
student,intern565@ezitech.com,omarhussain565,Omar Hussain
student,intern566@ezitech.com,sanakhan566,Sana Khan
student,intern567@ezitech.com,usmanqureshi567,Usman Qureshi
student,intern568@ezitech.com,alibutt568,Ali Butt
student,intern569@ezitech.com,mahnoormalik569,Mahnoor Malik
student,intern570@ezitech.com,talhaqureshi570,Talha Qureshi
student,intern571@ezitech.com,hirahussain571,Hira Hussain
student,intern572@ezitech.com,rabiahussain572,Rabia Hussain
student,intern573@ezitech.com,bilalsheikh573,Bilal Sheikh
student,intern574@ezitech.com,bilalmalik574,Bilal Malik
student,intern575@ezitech.com,sanaahmed575,Sana Ahmed
student,intern576@ezitech.com,sanabutt576,Sana Butt
student,intern577@ezitech.com,mahnoorhussain577,Mahnoor Hussain
student,intern578@ezitech.com,bilalahmed578,Bilal Ahmed
student,intern579@ezitech.com,sarahussain579,Sara Hussain
student,intern580@ezitech.com,hamzaahmed580,Hamza Ahmed
student,intern581@ezitech.com,omarsheikh581,Omar Sheikh
student,intern582@ezitech.com,amnaraza582,Amna Raza
student,intern583@ezitech.com,ahmedmalik583,Ahmed Malik
student,intern584@ezitech.com,ayeshahussain584,Ayesha Hussain
student,intern585@ezitech.com,sarahussain585,Sara Hussain
student,intern586@ezitech.com,kashifmalik586,Kashif Malik
student,intern587@ezitech.com,aliraza587,Ali Raza
student,intern588@ezitech.com,rabiachaudhry588,Rabia Chaudhry
student,intern589@ezitech.com,ahmedraza589,Ahmed Raza
student,intern590@ezitech.com,fatimahussain590,Fatima Hussain
student,intern591@ezitech.com,kashifraza591,Kashif Raza
student,intern592@ezitech.com,kashifsheikh592,Kashif Sheikh
student,intern593@ezitech.com,talhasheikh593,Talha Sheikh
student,intern594@ezitech.com,usmanraza594,Usman Raza
student,intern595@ezitech.com,hamzakhan595,Hamza Khan
student,intern596@ezitech.com,ahmedqureshi596,Ahmed Qureshi
student,intern597@ezitech.com,sanaahmed597,Sana Ahmed
student,intern598@ezitech.com,hirabutt598,Hira Butt
student,intern599@ezitech.com,rabiahussain599,Rabia Hussain
student,intern600@ezitech.com,faizanbutt600,Faizan Butt
student,intern601@ezitech.com,aliqureshi601,Ali Qureshi
student,intern602@ezitech.com,amnaraza602,Amna Raza
student,intern603@ezitech.com,hamzaqureshi603,Hamza Qureshi
student,intern604@ezitech.com,ahmedqureshi604,Ahmed Qureshi
student,intern605@ezitech.com,ayeshaqureshi605,Ayesha Qureshi
student,intern606@ezitech.com,talhaiqbal606,Talha Iqbal
student,intern607@ezitech.com,hamzamalik607,Hamza Malik
student,intern608@ezitech.com,ayeshabutt608,Ayesha Butt
student,intern609@ezitech.com,alibutt609,Ali Butt
student,intern610@ezitech.com,fatimabutt610,Fatima Butt
student,intern611@ezitech.com,sanamalik611,Sana Malik
student,intern612@ezitech.com,hamzaahmed612,Hamza Ahmed
student,intern613@ezitech.com,faizansheikh613,Faizan Sheikh
student,intern614@ezitech.com,fatimasheikh614,Fatima Sheikh
student,intern615@ezitech.com,talharaza615,Talha Raza
student,intern616@ezitech.com,faizansheikh616,Faizan Sheikh
student,intern617@ezitech.com,hamzaahmed617,Hamza Ahmed
student,intern618@ezitech.com,rabiabutt618,Rabia Butt
student,intern619@ezitech.com,mariamqureshi619,Mariam Qureshi
student,intern620@ezitech.com,ayeshaiqbal620,Ayesha Iqbal
student,intern621@ezitech.com,sanahussain621,Sana Hussain
student,intern622@ezitech.com,usmanchaudhry622,Usman Chaudhry
student,intern623@ezitech.com,amnaqureshi623,Amna Qureshi
student,intern624@ezitech.com,bilaliqbal624,Bilal Iqbal
student,intern625@ezitech.com,sanachaudhry625,Sana Chaudhry
student,intern626@ezitech.com,bilalkhan626,Bilal Khan
student,intern627@ezitech.com,zeeshanraza627,Zeeshan Raza
student,intern628@ezitech.com,saraiqbal628,Sara Iqbal
student,intern629@ezitech.com,hamzakhan629,Hamza Khan
student,intern630@ezitech.com,zainabiqbal630,Zainab Iqbal
student,intern631@ezitech.com,faizanbutt631,Faizan Butt
student,intern632@ezitech.com,talharaza632,Talha Raza
student,intern633@ezitech.com,hirakhan633,Hira Khan
student,intern634@ezitech.com,kashifbutt634,Kashif Butt
student,intern635@ezitech.com,omarahmed635,Omar Ahmed
student,intern636@ezitech.com,mahnoorbutt636,Mahnoor Butt
student,intern637@ezitech.com,sanaahmed637,Sana Ahmed
student,intern638@ezitech.com,omarbutt638,Omar Butt
student,intern639@ezitech.com,alihussain639,Ali Hussain
student,intern640@ezitech.com,sanaahmed640,Sana Ahmed
student,intern641@ezitech.com,omarchaudhry641,Omar Chaudhry
student,intern642@ezitech.com,kashifbutt642,Kashif Butt
student,intern643@ezitech.com,hirasheikh643,Hira Sheikh
student,intern644@ezitech.com,alihussain644,Ali Hussain
student,intern645@ezitech.com,zainabkhan645,Zainab Khan
student,intern646@ezitech.com,rabiahussain646,Rabia Hussain
student,intern647@ezitech.com,alimalik647,Ali Malik
student,intern648@ezitech.com,bilalsheikh648,Bilal Sheikh
student,intern649@ezitech.com,kashifbutt649,Kashif Butt
student,intern650@ezitech.com,alihussain650,Ali Hussain
student,intern651@ezitech.com,talhaiqbal651,Talha Iqbal
student,intern652@ezitech.com,aliahmed652,Ali Ahmed
student,intern653@ezitech.com,sanabutt653,Sana Butt
student,intern654@ezitech.com,saramalik654,Sara Malik
student,intern655@ezitech.com,bilalraza655,Bilal Raza
student,intern656@ezitech.com,faizanchaudhry656,Faizan Chaudhry
student,intern657@ezitech.com,omarhussain657,Omar Hussain
student,intern658@ezitech.com,talhasheikh658,Talha Sheikh
student,intern659@ezitech.com,omarbutt659,Omar Butt
student,intern660@ezitech.com,ayeshabutt660,Ayesha Butt
student,intern661@ezitech.com,aliqureshi661,Ali Qureshi
student,intern662@ezitech.com,faizankhan662,Faizan Khan
student,intern663@ezitech.com,ayesharaza663,Ayesha Raza
student,intern664@ezitech.com,omarchaudhry664,Omar Chaudhry
student,intern665@ezitech.com,ayeshaiqbal665,Ayesha Iqbal
student,intern666@ezitech.com,sanachaudhry666,Sana Chaudhry
student,intern667@ezitech.com,fatimahussain667,Fatima Hussain
student,intern668@ezitech.com,sanaiqbal668,Sana Iqbal
student,intern669@ezitech.com,hamzasheikh669,Hamza Sheikh
student,intern670@ezitech.com,alichaudhry670,Ali Chaudhry
student,intern671@ezitech.com,hamzaraza671,Hamza Raza
student,intern672@ezitech.com,aliraza672,Ali Raza
student,intern673@ezitech.com,sarakhan673,Sara Khan
student,intern674@ezitech.com,usmanraza674,Usman Raza
student,intern675@ezitech.com,faizanhussain675,Faizan Hussain
student,intern676@ezitech.com,usmankhan676,Usman Khan
student,intern677@ezitech.com,rabiaraza677,Rabia Raza
student,intern678@ezitech.com,kashifsheikh678,Kashif Sheikh
student,intern679@ezitech.com,omarahmed679,Omar Ahmed
student,intern680@ezitech.com,ahmedahmed680,Ahmed Ahmed
student,intern681@ezitech.com,zeeshanqureshi681,Zeeshan Qureshi
student,intern682@ezitech.com,zainabsheikh682,Zainab Sheikh
student,intern683@ezitech.com,ahmedraza683,Ahmed Raza
student,intern684@ezitech.com,mahnoorkhan684,Mahnoor Khan
student,intern685@ezitech.com,zeeshanchaudhry685,Zeeshan Chaudhry
student,intern686@ezitech.com,mahnoormalik686,Mahnoor Malik
student,intern687@ezitech.com,mahnoorchaudhry687,Mahnoor Chaudhry
student,intern688@ezitech.com,mahnoorbutt688,Mahnoor Butt
student,intern689@ezitech.com,talhabutt689,Talha Butt
student,intern690@ezitech.com,zeeshanmalik690,Zeeshan Malik
student,intern691@ezitech.com,rabiaraza691,Rabia Raza
student,intern692@ezitech.com,aliqureshi692,Ali Qureshi
student,intern693@ezitech.com,zainabhussain693,Zainab Hussain
student,intern694@ezitech.com,ayeshabutt694,Ayesha Butt
student,intern695@ezitech.com,rabiaiqbal695,Rabia Iqbal
student,intern696@ezitech.com,usmanmalik696,Usman Malik
student,intern697@ezitech.com,sanaiqbal697,Sana Iqbal
student,intern698@ezitech.com,ayeshasheikh698,Ayesha Sheikh
student,intern699@ezitech.com,sanahussain699,Sana Hussain
student,intern700@ezitech.com,amnahussain700,Amna Hussain
student,intern701@ezitech.com,alisheikh701,Ali Sheikh
student,intern702@ezitech.com,kashifkhan702,Kashif Khan
student,intern703@ezitech.com,hamzaiqbal703,Hamza Iqbal
student,intern704@ezitech.com,fatimasheikh704,Fatima Sheikh
student,intern705@ezitech.com,mahnoorbutt705,Mahnoor Butt
student,intern706@ezitech.com,ayeshachaudhry706,Ayesha Chaudhry
student,intern707@ezitech.com,kashifhussain707,Kashif Hussain
student,intern708@ezitech.com,mahnoorhussain708,Mahnoor Hussain
student,intern709@ezitech.com,omariqbal709,Omar Iqbal
student,intern710@ezitech.com,zeeshanqureshi710,Zeeshan Qureshi
student,intern711@ezitech.com,kashifchaudhry711,Kashif Chaudhry
student,intern712@ezitech.com,aliahmed712,Ali Ahmed
student,intern713@ezitech.com,fatimamalik713,Fatima Malik
student,intern714@ezitech.com,sanahussain714,Sana Hussain
student,intern715@ezitech.com,mahnooriqbal715,Mahnoor Iqbal
student,intern716@ezitech.com,omarqureshi716,Omar Qureshi
student,intern717@ezitech.com,hamzabutt717,Hamza Butt
student,intern718@ezitech.com,usmanmalik718,Usman Malik
student,intern719@ezitech.com,bilalsheikh719,Bilal Sheikh
student,intern720@ezitech.com,mariammalik720,Mariam Malik
student,intern721@ezitech.com,hirahussain721,Hira Hussain
student,intern722@ezitech.com,mahnoorkhan722,Mahnoor Khan
student,intern723@ezitech.com,talhakhan723,Talha Khan
student,intern724@ezitech.com,ayeshakhan724,Ayesha Khan
student,intern725@ezitech.com,zainabraza725,Zainab Raza
student,intern726@ezitech.com,ayeshabutt726,Ayesha Butt
student,intern727@ezitech.com,zainabbutt727,Zainab Butt
student,intern728@ezitech.com,rabiakhan728,Rabia Khan
student,intern729@ezitech.com,ayesharaza729,Ayesha Raza
student,intern730@ezitech.com,ahmedmalik730,Ahmed Malik
student,intern731@ezitech.com,mahnoorchaudhry731,Mahnoor Chaudhry
student,intern732@ezitech.com,omarraza732,Omar Raza
student,intern733@ezitech.com,talhaiqbal733,Talha Iqbal
student,intern734@ezitech.com,alichaudhry734,Ali Chaudhry
student,intern735@ezitech.com,fatimaahmed735,Fatima Ahmed
student,intern736@ezitech.com,faizanqureshi736,Faizan Qureshi
student,intern737@ezitech.com,kashifbutt737,Kashif Butt
student,intern738@ezitech.com,hamzaahmed738,Hamza Ahmed
student,intern739@ezitech.com,bilalhussain739,Bilal Hussain
student,intern740@ezitech.com,hiramalik740,Hira Malik
student,intern741@ezitech.com,faizankhan741,Faizan Khan
student,intern742@ezitech.com,alihussain742,Ali Hussain
student,intern743@ezitech.com,omarahmed743,Omar Ahmed
student,intern744@ezitech.com,hamzachaudhry744,Hamza Chaudhry
student,intern745@ezitech.com,alisheikh745,Ali Sheikh
student,intern746@ezitech.com,hirabutt746,Hira Butt
student,intern747@ezitech.com,ayesharaza747,Ayesha Raza
student,intern748@ezitech.com,amnasheikh748,Amna Sheikh
student,intern749@ezitech.com,kashifhussain749,Kashif Hussain
student,intern750@ezitech.com,ayeshamalik750,Ayesha Malik
student,intern751@ezitech.com,faizanhussain751,Faizan Hussain
student,intern752@ezitech.com,kashifmalik752,Kashif Malik
student,intern753@ezitech.com,bilalraza753,Bilal Raza
student,intern754@ezitech.com,ahmediqbal754,Ahmed Iqbal
student,intern755@ezitech.com,hamzaahmed755,Hamza Ahmed
student,intern756@ezitech.com,saraiqbal756,Sara Iqbal
student,intern757@ezitech.com,alikhan757,Ali Khan
student,intern758@ezitech.com,talhaqureshi758,Talha Qureshi
student,intern759@ezitech.com,omarqureshi759,Omar Qureshi
student,intern760@ezitech.com,zainabahmed760,Zainab Ahmed
student,intern761@ezitech.com,kashifsheikh761,Kashif Sheikh
student,intern762@ezitech.com,fatimabutt762,Fatima Butt
student,intern763@ezitech.com,kashifraza763,Kashif Raza
student,intern764@ezitech.com,omarqureshi764,Omar Qureshi
student,intern765@ezitech.com,mariamkhan765,Mariam Khan
student,intern766@ezitech.com,mariambutt766,Mariam Butt
student,intern767@ezitech.com,alihussain767,Ali Hussain
student,intern768@ezitech.com,zainabhussain768,Zainab Hussain
student,intern769@ezitech.com,fatimakhan769,Fatima Khan
student,intern770@ezitech.com,saraqureshi770,Sara Qureshi
student,intern771@ezitech.com,rabiaraza771,Rabia Raza
student,intern772@ezitech.com,alikhan772,Ali Khan
student,intern773@ezitech.com,rabiakhan773,Rabia Khan
student,intern774@ezitech.com,talhaahmed774,Talha Ahmed
student,intern775@ezitech.com,bilalhussain775,Bilal Hussain
student,intern776@ezitech.com,mariammalik776,Mariam Malik
student,intern777@ezitech.com,saraahmed777,Sara Ahmed
student,intern778@ezitech.com,alisheikh778,Ali Sheikh
student,intern779@ezitech.com,omarsheikh779,Omar Sheikh
student,intern780@ezitech.com,hamzahussain780,Hamza Hussain
student,intern781@ezitech.com,bilalahmed781,Bilal Ahmed
student,intern782@ezitech.com,zainabraza782,Zainab Raza
student,intern783@ezitech.com,faizaniqbal783,Faizan Iqbal
student,intern784@ezitech.com,sanamalik784,Sana Malik
student,intern785@ezitech.com,zeeshanraza785,Zeeshan Raza
student,intern786@ezitech.com,usmanhussain786,Usman Hussain
student,intern787@ezitech.com,talhakhan787,Talha Khan
student,intern788@ezitech.com,mariamhussain788,Mariam Hussain
student,intern789@ezitech.com,fatimachaudhry789,Fatima Chaudhry
student,intern790@ezitech.com,mahnoorbutt790,Mahnoor Butt
student,intern791@ezitech.com,sarasheikh791,Sara Sheikh
student,intern792@ezitech.com,hamzabutt792,Hamza Butt
student,intern793@ezitech.com,bilalbutt793,Bilal Butt
student,intern794@ezitech.com,alisheikh794,Ali Sheikh
student,intern795@ezitech.com,omarraza795,Omar Raza
student,intern796@ezitech.com,fatimamalik796,Fatima Malik
student,intern797@ezitech.com,saraqureshi797,Sara Qureshi
student,intern798@ezitech.com,omarraza798,Omar Raza
student,intern799@ezitech.com,hirakhan799,Hira Khan
student,intern800@ezitech.com,amnamalik800,Amna Malik
